product_id,product_name
8e96aff8-33f5-4c01-ab4c-4cc210afdc9b,Product_0
e6cc0fb7-e3f8-4b34-bf07-2d02b9ab4172,Product_1
48ed00cc-2456-4fd0-b88b-e31fe9287619,Product_2
7be439e3-0582-4eb3-ba5b-4198fc682cd6,Product_3
10d9852f-dd4a-49c2-b002-d7186c7cbd31,Product_4
926b8b26-358d-4b52-a490-bcfbbd69d9af,Product_5
8e43348f-9a91-44c4-ae2c-369991a45dfa,Product_6
88777a32-d7e3-4389-a12a-f2e41f06a321,Product_7
f969c436-8f51-4813-af8b-8f7da98c7df2,Product_8
7f197cd7-97cc-474d-8db2-e2bd5aaa9ce2,Product_9
12e7f9e4-9e4b-43fd-81af-7a7533cd44b7,Product_10
bd0c533b-3508-40a5-a9bd-d4f8e0250942,Product_11
